-- Pour lancer le serveur : php -S localhost:8888 -t public/

-- MySQL Script generated by MySQL Workbench
-- 10/17/18 16:33:55
-- Model: New Model    Version: 1.0
-- MySQL Workbench Forward Engineering

-- SET @OLD_UNIQUE_CHECKS=@@UNIQUE_CHECKS, UNIQUE_CHECKS=0;
-- SET @OLD_FOREIGN_KEY_CHECKS=@@FOREIGN_KEY_CHECKS, FOREIGN_KEY_CHECKS=0;
-- SET @OLD_SQL_MODE=@@SQL_MODE, SQL_MODE='TRADITIONAL,ALLOW_INVALID_DATES';

-- -----------------------------------------------------
-- Schema oshop
-- -----------------------------------------------------
-- DROP DATABASE IF EXISTS siteServeurWeb;
CREATE DATABASE IF NOT EXISTS siteServeurWeb;
USE siteServeurWeb;
-- -----------------------------------------------------
-- Table `brand`
-- -----------------------------------------------------
DROP TABLE IF EXISTS `brand` ;

CREATE TABLE IF NOT EXISTS `brand` (
  `id` INT UNSIGNED NOT NULL AUTO_INCREMENT,
  `name` VARCHAR(45) NOT NULL COMMENT 'Le nom de la marque',
  `created_at` TIMESTAMP NOT NULL DEFAULT CURRENT_TIMESTAMP COMMENT 'La date de création de la marque',
  `updated_at` TIMESTAMP NULL COMMENT 'La date de la dernière mise à jour de la marque',
  PRIMARY KEY (`id`))
ENGINE = InnoDB;


-- -----------------------------------------------------
-- Table `category`
-- -----------------------------------------------------
DROP TABLE IF EXISTS `category` ;

CREATE TABLE IF NOT EXISTS `category` (
  `id` INT UNSIGNED NOT NULL AUTO_INCREMENT,
  `name` VARCHAR(64) NOT NULL COMMENT 'Le nom de la catégorie',
  `subtitle` VARCHAR(64) NULL,
  `picture` VARCHAR(128) NULL COMMENT 'L`URL de l`image de la catégorie (utilisée en home, par exemple)',
  `home_order` TINYINT(1) NOT NULL DEFAULT 0 COMMENT 'L`ordre d`affichage de la catégorie sur la home (0=pas affichée en home)',
  `created_at` TIMESTAMP NOT NULL DEFAULT CURRENT_TIMESTAMP COMMENT 'La date de création de la catégorie',
  `updated_at` TIMESTAMP NULL COMMENT 'La date de la dernière mise à jour de la catégorie',
  PRIMARY KEY (`id`))
ENGINE = InnoDB;


-- -----------------------------------------------------
-- Table `type`
-- -----------------------------------------------------
DROP TABLE IF EXISTS `type` ;

CREATE TABLE IF NOT EXISTS `type` (
  `id` INT UNSIGNED NOT NULL AUTO_INCREMENT,
  `name` VARCHAR(64) NOT NULL COMMENT 'Le nom du type',
  `created_at` TIMESTAMP NOT NULL DEFAULT CURRENT_TIMESTAMP COMMENT 'La date de création de la catégorie',
  `updated_at` TIMESTAMP NULL COMMENT 'La date de la dernière mise à jour de la catégorie',
  PRIMARY KEY (`id`))
ENGINE = InnoDB;


-- -----------------------------------------------------
-- Table `product`
-- -----------------------------------------------------
DROP TABLE IF EXISTS `product` ;

CREATE TABLE IF NOT EXISTS `product` (
  `id` INT UNSIGNED NOT NULL AUTO_INCREMENT,
  `name` VARCHAR(45) NOT NULL COMMENT 'Le nom du produit',
  `description` TEXT NULL COMMENT 'La description du produit',
  `picture` VARCHAR(128) NULL COMMENT 'L`URL de l`image du produit',
  `price` DECIMAL(10,2) NOT NULL DEFAULT 0 COMMENT 'Le prix du produit',
  `rate` TINYINT(1) NOT NULL DEFAULT 0 COMMENT 'L`avis sur le produit, de 1 à 5',
  `status` TINYINT(1) NOT NULL DEFAULT 0 COMMENT 'Le statut du produit (0=non renseignée, 1=dispo, 2=pas dispo)',
  `created_at` TIMESTAMP NOT NULL DEFAULT CURRENT_TIMESTAMP COMMENT 'La date de création du produit',
  `updated_at` TIMESTAMP NULL COMMENT 'La date de la dernière mise à jour du produit',
  `brand_id` INT UNSIGNED NOT NULL,
  `category_id` INT UNSIGNED NULL,
  `type_id` INT UNSIGNED NOT NULL,
  PRIMARY KEY (`id`),
  INDEX `fk_product_brand_idx` (`brand_id` ASC),
  INDEX `fk_product_category1_idx` (`category_id` ASC),
  INDEX `fk_product_type1_idx` (`type_id` ASC))
ENGINE = InnoDB;


-- SET SQL_MODE=@OLD_SQL_MODE;
-- SET FOREIGN_KEY_CHECKS=@OLD_FOREIGN_KEY_CHECKS;
-- SET UNIQUE_CHECKS=@OLD_UNIQUE_CHECKS;


-- -----------------------------------------------------
-- Data for table `brand`
-- -----------------------------------------------------
START TRANSACTION;
INSERT INTO `brand` (`id`, `name`, `created_at`, `updated_at`) VALUES (1, 'Samsung', '2024-12-03 17:00:00', NULL);
INSERT INTO `brand` (`id`, `name`, `created_at`, `updated_at`) VALUES (2, 'Apple', '2024-12-03 17:00:00', NULL);
INSERT INTO `brand` (`id`, `name`, `created_at`, `updated_at`) VALUES (3, 'Google', '2024-12-03 17:00:00', NULL);
INSERT INTO `brand` (`id`, `name`, `created_at`, `updated_at`) VALUES (4, 'Ugreen', '2024-12-03 17:00:00', NULL);
INSERT INTO `brand` (`id`, `name`, `created_at`, `updated_at`) VALUES (5, 'Rhinoshield', '2024-12-03 17:00:00', NULL);
COMMIT;

-- -----------------------------------------------------
-- Data for table `category`
-- -----------------------------------------------------
START TRANSACTION;
INSERT INTO `category` (`id`, `name`, `subtitle`, `picture`, `home_order`, `created_at`, `updated_at`) VALUES (1, 'Smartphones', 'Les derniers modèles', 'assets/images/smartphones.jpg', 1, '2024-12-03 17:00:00', NULL);
INSERT INTO `category` (`id`, `name`, `subtitle`, `picture`, `home_order`, `created_at`, `updated_at`) VALUES (2, 'Accessoires', 'Complétez votre équipement', 'assets/images/accessoires.jpg', 2, '2024-12-03 17:00:00', NULL);
COMMIT;

-- -----------------------------------------------------
-- Data for table `type`
-- -----------------------------------------------------
START TRANSACTION;
INSERT INTO `type` (`id`, `name`, `created_at`, `updated_at`) VALUES (1, 'Smartphone', '2024-12-03 17:00:00', NULL);
INSERT INTO `type` (`id`, `name`, `created_at`, `updated_at`) VALUES (2, 'Chargeur', '2024-12-03 17:00:00', NULL);
INSERT INTO `type` (`id`, `name`, `created_at`, `updated_at`) VALUES (3, 'Coque de smartphone', '2024-12-06 15:27:00', NULL);
INSERT INTO `type` (`id`, `name`, `created_at`, `updated_at`) VALUES (4, 'Protection écran smartphone', '2024-12-06 15:40:00', NULL);
COMMIT;

-- -----------------------------------------------------
-- Data for table `product`
-- -----------------------------------------------------
START TRANSACTION;
INSERT INTO `product` (`id`, `name`, `description`, `picture`, `price`, `rate`, `status`, `created_at`, `updated_at`, `brand_id`, `category_id`, `type_id`) VALUES 
(1, 'Galaxy S24', 'Smartphone Samsung Galaxy S24', '/public/images/produits/S24.png', 899, 5, 1, '2024-12-03 17:00:00', NULL, 1, 1, 1),
(2, 'Galaxy S24+', 'Smartphone Samsung Galaxy S24+', '/public/images/produits/S24_Plus.png', 1169, 5, 1, '2024-12-03 17:00:00', NULL, 1, 1, 1),
(3, 'Galaxy S24 Ultra', 'Smartphone Samsung Galaxy S24 Ultra', '/public/images/produits/S24_Ultra.png', 1469, 5, 1, '2024-12-03 17:00:00', NULL, 1, 1, 1),
(4, 'iPhone 16', 'Smartphone Apple iPhone 16', '/public/images/produits/iPhone_16.png', 969, 5, 1, '2024-12-03 17:00:00', NULL, 2, 1, 1),
(5, 'iPhone 16 Pro', 'Smartphone Apple iPhone 16 Pro', '/public/images/produits/iPhone_16_Pro.png', 1229, 5, 1, '2024-12-03 17:00:00', NULL, 2, 1, 1),
(6, 'iPhone 16 Pro Max', 'Smartphone Apple iPhone 16 Pro Max', '/public/images/produits/iPhone_16_Pro_Max.png', 1479, 5, 1, '2024-12-03 17:00:00', NULL, 2, 1, 1),
(7, 'Pixel 9', 'Smartphone Google Pixel 9', '/public/images/produits/Pixel_9.png', 899, 5, 1, '2024-12-03 17:00:00', NULL, 3, 1, 1),
(8, 'Pixel 9 Pro', 'Smartphone Google Pixel 9 Pro', '/public/images/produits/Pixel_9_Pro.png', 1099, 5, 1, '2024-12-03 17:00:00', NULL, 3, 1, 1),
(9, 'Pixel 9 Pro XL', 'Smartphone Google Pixel 9 Pro XL', '/public/images/produits/Pixel_9_Pro_Xl.png', 1199, 5, 1, '2024-12-03 17:00:00', NULL, 3, 1, 1),
(10, 'UGREEN Nexode 30W', 'Chargeur UGREEN Nexode 30W', '/public/images/produits/Ugreen_Nexode_30w.png', 30, 5, 1, '2024-12-03 17:00:00', NULL, 4, 2, 2),
(11, 'Rhinoshield SolidSuit', 'Coque de smartphone Rhinoshield SolidSuit', '/public/images/produits/Rhinoshield_SolidSuit.png', 30, 5, 1, '2024-12-06 15:27:00', NULL, 5, 2, 3),
(12, 'Rhinoshield Impact PRO', 'Protection écran smartphone Rhinoshield Impact PRO', '/public/images/produits/Rhinoshield_Impact_PRO.png', 25, 5, 1, '2024-12-06 15:40:00', NULL, 5, 2, 4);
COMMIT;


-- SELECT * FROM brand;
-- SELECT * FROM category;
-- SELECT * FROM type;
-- SELECT * FROM product;